Saint Francis School,PrivateSchool,Carolina,10.00,9,1,,
"Colegio Radians, Inc.",PrivateSchool,Cayey,10.00,10,0,,
Colegio Rosa-Bell,PrivateSchool,Guaynabo,10.00,10,0,,
"Piaget Bilingual Academy Of Manati, Inc.",PrivateSchool,Manatí,9.00,9,0,,
Colegio Santa Gema,PrivateSchool,Carolina,8.00,6,2,,
Cupeyville School,PrivateSchool,San Juan,8.00,8,0,,
Saint John's School,PrivateSchool,San Juan,8.00,8,0,,
Su Francisco Felicie Martinez,PublicSchool,Vega Alta,8.00,8,0,,
Dr Carlos Gonzalez,PublicSchool,Aguada,7.00,7,0,,
Su Conchita Iguartua De Suarez,PublicSchool,Aguadilla,7.00,5,2,,
Colegio Bautista De Gurabo Inc.,PrivateSchool,Gurabo,7.00,7,0,,
Colegio Evangélico Capitán Correa,PrivateSchool,Hatillo,7.00,7,0,,
Francisco Mendoza,PublicSchool,Isabela,7.00,6,1,,
Su Epifanio Estrada,PublicSchool,Aguada,6.00,5,1,,
Jose De Diego,PublicSchool,Aguadilla,6.00,6,0,,
Republica De Costa Rica,PublicSchool,Caguas,6.00,6,0,,
Emerita Leon Elemental,PublicSchool,Cayey,6.00,6,0,,
Berta Zalduondo,PublicSchool,Fajardo,6.00,5,1,,
LEADERSHIP CHRISTIAN ACADEMY,PrivateSchool,Guaynabo,6.00,6,0,,
Colegio Marista,PrivateSchool,Guaynabo,6.00,4,2,,
Manos Y Manitas Cbs,PrivateSchool,Humacao,6.00,5,1,,
Dr Heriberto Domenech,PublicSchool,Isabela,6.00,6,0,,
Gullermina Rosado De Ayala,PublicSchool,Loiza,6.00,6,0,,
Southwestern Educational Society,PrivateSchool,Mayagüez,6.00,5,1,,
Colegio Ponceno,PrivateSchool,Ponce,6.00,6,0,,
Su Hatillo,PublicSchool,Villalba,6.00,6,0,,
Aquilino Caban,PublicSchool,Aguada,5.00,5,0,,
Juan Suarez Pelegrina (Nueva),PublicSchool,Aguadilla,5.00,4,1,,
Carib Christian School,PrivateSchool,Aguadilla,5.00,3,2,,
Severo E Colberg Ramirez,PublicSchool,Cabo Rojo,5.00,3,2,,
Eduardo Garcia Carrillo,PublicSchool,Canóvanas,5.00,5,0,,
Don Luis Muñoz Marin,PublicSchool,Ceiba,5.00,5,0,,
Su Demetrio Rivera,PublicSchool,Corozal,5.00,5,0,,
Christian Bilingual Academy,PrivateSchool,Fajardo,5.00,4,1,,
Academia Interamericana De Arecibo,PrivateSchool,Hatillo,5.00,5,0,,
Petra Mercado Bougart,PublicSchool,Humacao,5.00,4,1,,
Rafael Martinez Nadal,PublicSchool,Mayagüez,5.00,5,0,,
Academia Adventista Ponce,PrivateSchool,Ponce,5.00,3,2,,
Su Luis Muñoz Rivera,PublicSchool,Quebradillas,5.00,4,1,,
University Gardens,PublicSchool,San Juan,5.00,4,1,,
San Vicente,PublicSchool,Vega Baja,5.00,5,0,,
Manuel Martinez Davila,PublicSchool,Vega Baja,5.00,4,1,,
Jose Gonzalez Ruiz,PublicSchool,Aguada,4.00,4,0,,
Eladio Tirado Lopez,PublicSchool,Aguada,4.00,4,0,,
Hogar Colegio La Milagrosa,PrivateSchool,Arecibo,4.00,4,0,,
Superior Vocacional Antonio Luchetti,PublicSchool,Arecibo,4.00,4,0,,
Carmen Bozello De Huyke,PublicSchool,Arroyo,4.00,4,0,,
Isabel Suarez,PublicSchool,Añasco,4.00,4,0,,
Emadrian Bilingual School,PrivateSchool,Bayamón,4.00,4,0,,
Francisco Manrique Cabrera,PublicSchool,Bayamón,4.00,4,0,,
"The Baldwin School Of Puerto Rico, Inc.",PrivateSchool,Bayamón,4.00,3,1,,
Colegio Catolico Notre Dame Secundario,PrivateSchool,Caguas,4.00,4,0,,
Antonio S Paoli (Musica),PublicSchool,Caguas,4.00,4,0,,
Gilberto Concepcion De Gracia,PublicSchool,Carolina,4.00,3,1,,
Jesus T Piñero,PublicSchool,Cidra,4.00,3,1,,
Educacion Bilingue Luis Muñoz Iglesias,PublicSchool,Cidra,4.00,3,1,,
Emilio R Delgado,PublicSchool,Corozal,4.00,4,0,,
Elem Bo Higuillar (Ecologica),PublicSchool,Dorado,4.00,4,0,,
Jose Santos Alegria,PublicSchool,Dorado,4.00,4,0,,
Dorado Academy,PrivateSchool,Dorado,4.00,4,0,,
Guamani Private School,PrivateSchool,Guayama,4.00,4,0,,
Saint Patrick's Bilingual School,PrivateSchool,Guayama,4.00,2,2,,
Rosalina C Martinez,PublicSchool,Guaynabo,4.00,4,0,,
Su Josefina Sitiriche,PublicSchool,Gurabo,4.00,4,0,,
Dra Conchita Cuevas,PublicSchool,Gurabo,4.00,4,0,,
Carmen Pilar Santos,PublicSchool,Humacao,4.00,4,0,,
Rufino Vigo,PublicSchool,Humacao,4.00,4,0,,
Jose C Rosario,PublicSchool,Isabela,4.00,2,2,,
Dr Pedro Albizu Campos,PublicSchool,Juana Díaz,4.00,3,1,,
Leonides Morales Rodriguez,PublicSchool,Lajas,4.00,4,0,,
Ramon De Jesus Sierra,PublicSchool,Lares,4.00,4,0,,
Superior Isidro A Sanchez,PublicSchool,Luquillo,4.00,3,1,,
Colegio Marista El Salvador,PrivateSchool,Manatí,4.00,4,0,,
Su Higinio Figueroa Villegas,PublicSchool,Maunabo,4.00,4,0,,
Eugenio Maria De Hostos (Superior),PublicSchool,Mayagüez,4.00,4,0,,
Colegio Mercedario San Judas Tadeo,PrivateSchool,Ponce,4.00,4,0,,
Fernando L Malave Oliveras,PublicSchool,Ponce,4.00,4,0,,
Bernardino Cordero Bernard,PublicSchool,Ponce,4.00,4,0,,
Sup Manuel Ramos Hernandez,PublicSchool,Quebradillas,4.00,4,0,,
Manuel Garcia Perez (Nueva),PublicSchool,Rincón,4.00,3,1,,
Su David Antongiorgi Cordova,PublicSchool,Sabana Grande,4.00,4,0,,
Colegio San Ignacio De Loyola,PrivateSchool,San Juan,4.00,4,0,,
Miguel Such,PublicSchool,San Juan,4.00,4,0,,
Academia San Jorge,PrivateSchool,San Juan,4.00,3,1,,
Rafael Hernandez Marin,PublicSchool,San Juan,4.00,3,1,,
Venus Gardens,PublicSchool,San Juan,4.00,3,1,,
Saint Monica Bilingual School,PrivateSchool,San Juan,4.00,2,2,,
Head Start/Early Head Start Pablo Pablito,Headstart,Toa Baja,4.00,1,3,,
Jose F Diaz,PublicSchool,Trujillo Alto,4.00,4,0,,
Fair View,PublicSchool,Trujillo Alto,4.00,3,1,,
Isabel Alvarado Alvarado,PublicSchool,Villalba,4.00,4,0,,
"Froebel Bilingual School, Inc.",PrivateSchool,Aguadilla,3.00,3,0,,
Ester Feliciano Mendoza,PublicSchool,Aguadilla,3.00,3,0,,
Ramey Job Corps Center,PrivateSchool,Aguadilla,3.00,2,1,,
Superior Urbana,PublicSchool,Aguas Buenas,3.00,2,1,,
Factor 5,PublicSchool,Arecibo,3.00,3,0,,
Su Federico Degetau,PublicSchool,Arecibo,3.00,2,1,,
Francisco Pachin Marin,PublicSchool,Arecibo,3.00,1,2,,
Imbery,PublicSchool,Barceloneta,3.00,3,0,,
Juan Ramon Jimenez,PublicSchool,Bayamón,3.00,3,0,,
Miguel Melendez Muñoz,PublicSchool,Bayamón,3.00,3,0,,
Josefita Monserrate De Selles,PublicSchool,Bayamón,3.00,3,0,,
Pedro P Casablanca,PublicSchool,Bayamón,3.00,2,1,,
Nicolas Aguayo Aldea,PublicSchool,Caguas,3.00,3,0,,
Benita Gonzalez Quiñones,PublicSchool,Caguas,3.00,3,0,,
Jose Mercado,PublicSchool,Caguas,3.00,3,0,,
Justina Vazquez Mendoza,PublicSchool,Caguas,3.00,3,0,,
Ccda Esquilin Mangual,Childcare,Caguas,3.00,3,0,,
Jose Calzada Ferrer,PublicSchool,Canóvanas,3.00,3,0,,
Georgina Baquero,PublicSchool,Canóvanas,3.00,3,0,,
Colegio Nuestra Señora Del Pilar,PrivateSchool,Canóvanas,3.00,2,1,,
Dr Pedro Albizu Campos,PublicSchool,Canóvanas,3.00,2,1,,
Centro De Instruccion Y Educacion Moderna,PrivateSchool,Carolina,3.00,3,0,,
Colegio Bautista De Carolina,PrivateSchool,Carolina,3.00,3,0,,
Colegio De Diego De Carolina,PrivateSchool,Carolina,3.00,3,0,,
Francisco Matias Lugo,PublicSchool,Carolina,3.00,3,0,,
Colegio Nuestra Señora De La Piedad,PrivateSchool,Carolina,3.00,1,2,,
Isaac Del Rosario,PublicSchool,Cataño,3.00,2,1,,
Especializada De Bellas Artes,PublicSchool,Cayey,3.00,3,0,,
Dr Ramon Emeterio Betances,PublicSchool,Cayey,3.00,3,0,,
Benjamin Harrison,PublicSchool,Cayey,3.00,2,1,,
Colegio Héctor Urdaneta,PrivateSchool,Ceiba,3.00,2,1,,
Ruth Evelyn Cruz Santos,PublicSchool,Cidra,3.00,2,1,,
Jose Felipe Zayas,PublicSchool,Coamo,3.00,2,1,,
Su Ramon Alejandro Ayala,PublicSchool,Comerío,3.00,2,1,,
Su Oscar Porrata Doria,PublicSchool,Comerío,3.00,2,1,,
Genaro Bou,PublicSchool,Corozal,3.00,3,0,,
Manuel Bou Gali,PublicSchool,Corozal,3.00,2,1,,
DORADO NEW TESTAMENT CHRISTIAN ACADEMY,PrivateSchool,Dorado,3.00,3,0,,
Ana Delia Flores Santana Voc,PublicSchool,Fajardo,3.00,3,0,,
Dr Rafael Lopez Landron,PublicSchool,Guayama,3.00,3,0,,
American Military Academy,PrivateSchool,Guaynabo,3.00,3,0,,
"Centro De Desarrollo Infantil Aeiou, Inc.",PrivateSchool,Guaynabo,3.00,2,1,,
Colegio Adianez,PrivateSchool,Guaynabo,3.00,2,1,,
Josefina Barcelo,PublicSchool,Guaynabo,3.00,2,1,,
Margarita Rivera De Janer,PublicSchool,Gurabo,3.00,1,2,,
Timoteo Delgado,PublicSchool,Hatillo,3.00,3,0,,
Anibal Reyes Belen,PublicSchool,Hatillo,3.00,3,0,,
Ramon E Rodriguez Diaz,PublicSchool,Hormigueros,3.00,3,0,,
Ana Roque De Duprey,PublicSchool,Humacao,3.00,3,0,,
Carlos Rivera Ufret,PublicSchool,Humacao,3.00,3,0,,
Antonio Rosa Guzman (Nueva),PublicSchool,Humacao,3.00,3,0,,
Mateo Hernandez,PublicSchool,Isabela,3.00,3,0,,
Su Jose A Vargas,PublicSchool,Isabela,3.00,3,0,,
Alfonso Diaz Lebron,PublicSchool,Juncos,3.00,3,0,,
Florencia Garcia,PublicSchool,Las Piedras,3.00,3,0,,
Rafael N Coca,PublicSchool,Luquillo,3.00,3,0,,
Camilo Valles Matienzo,PublicSchool,Luquillo,3.00,3,0,,
Antonio Velez Alvarado,PublicSchool,Manatí,3.00,3,0,,
THEOPOLIS CHRISTIAN ACADEMY,PrivateSchool,Mayagüez,3.00,3,0,,
Academia De La Inmaculada Concepción,PrivateSchool,Mayagüez,3.00,3,0,,
Bella Vista Adventist Academy,PrivateSchool,Mayagüez,3.00,3,0,,
Manuel A Barreto,PublicSchool,Mayagüez,3.00,3,0,,
Escuela Libre De Musica Y Bella Artes Ernesto Ramos Antonini,PublicSchool,Mayagüez,3.00,3,0,,
Elpidio H Rivera,PublicSchool,Mayagüez,3.00,2,1,,
Head Start / Early Head Start Daguao,Headstart,Naguabo,3.00,1,2,,
Colegio Del Sagrado Corazón De Jesús,PrivateSchool,Ponce,3.00,3,0,,
Colegio Sagrada Familia De Nazaret En Ponce,PrivateSchool,Ponce,3.00,3,0,,
Dr Pedro Albizu Campos,PublicSchool,Quebradillas,3.00,3,0,,
Ccda Soles Del Jardin,Childcare,Quebradillas,3.00,2,1,,
Henry W Longfellow,PublicSchool,San Germán,3.00,2,1,,
St.Mary's School,PrivateSchool,San Juan,3.00,3,0,,
Academia Bautista De Puerto Nuevo,PrivateSchool,San Juan,3.00,3,0,,
Academia Del Perpetuo Socorro,PrivateSchool,San Juan,3.00,3,0,,
Bonneville School,PrivateSchool,San Juan,3.00,3,0,,
Colegio Mater Salvatoris,PrivateSchool,San Juan,3.00,3,0,,
Colegio Sagrado Corazon De Jesus,PrivateSchool,San Juan,3.00,3,0,,
Escuela Josefita Monserrate De Selles,PrivateSchool,San Juan,3.00,3,0,,
Se Crece,PrivateSchool,San Juan,3.00,3,0,,
Dr Jose Celso Barbosa,PublicSchool,San Juan,3.00,3,0,,
Amalia Marín Castilla,PublicSchool,San Juan,3.00,3,0,,
Amalia Marin,PublicSchool,San Juan,3.00,3,0,,
San Agustin,PublicSchool,San Juan,3.00,3,0,,
Villa Granada,PublicSchool,San Juan,3.00,3,0,,
Antonio Sarriera Egozcue,PublicSchool,San Juan,3.00,2,1,,
Pachin Marin,PublicSchool,San Juan,3.00,1,2,,
Int Bo Quebrada Arenas,PublicSchool,Toa Alta,3.00,3,0,,
Colegio Bautista De Levittown,PrivateSchool,Toa Baja,3.00,3,0,,
Martin Garcia Giusti,PublicSchool,Toa Baja,3.00,3,0,,
Colegio Puertorriqueño Marinel,PrivateSchool,Toa Baja,3.00,3,0,,
Ernestina Bracero,PublicSchool,Toa Baja,3.00,2,1,,
"Academia Cristiana De Candelaria, Inc.",PrivateSchool,Toa Baja,3.00,2,1,,
Medardo Carazo,PublicSchool,Trujillo Alto,3.00,3,0,,
Andres Valcarcel,PublicSchool,Trujillo Alto,3.00,2,1,,
Apolo San Antonio,PublicSchool,Vega Alta,3.00,3,0,,
Ladislao Martinez,PublicSchool,Vega Alta,3.00,3,0,,
Lino Padron Rivera,PublicSchool,Vega Baja,3.00,2,1,,
Lysander Borrero Terry,PublicSchool,Villalba,3.00,3,0,,
Jose Emilio Lugo,PublicSchool,Adjuntas,2.00,2,0,,
Su Juan B Soto,PublicSchool,Aguada,2.00,2,0,,
Profesora Juana Rosario Carrero,PublicSchool,Aguada,2.00,2,0,,
Salvador Fuentes,PublicSchool,Aguadilla,2.00,2,0,,
Carmen D Ortiz Ortiz(Su Sumidero),PublicSchool,Aguas Buenas,2.00,1,1,,
Escuela Montessori Segunda Unidad Pasto,PublicSchool,Aibonito,2.00,2,0,,
Rafael Pont Flores,PublicSchool,Aibonito,2.00,2,0,,
Federico Degetau II,PublicSchool,Aibonito,2.00,2,0,,
Dra Carmendelia Colon Martinez,PublicSchool,Aibonito,2.00,2,0,,
Academia Adventista Del Norte,PrivateSchool,Arecibo,2.00,2,0,,
Colegio Pentecostal De Arecibo,PrivateSchool,Arecibo,2.00,2,0,,
Libre De Musica,PublicSchool,Arecibo,2.00,2,0,,
Bellas Artes,PublicSchool,Arecibo,2.00,2,0,,
Luis Muñoz Marin,PublicSchool,Arecibo,2.00,0,2,,
"Mas Integrated School, Masis",PrivateSchool,Añasco,2.00,2,0,,
Carmen Casasus Marti,PublicSchool,Añasco,2.00,2,0,,
Fernando Suria Chavez,PublicSchool,Barceloneta,2.00,2,0,,
Vicente Acevedo Ballester,PublicSchool,Barceloneta,2.00,2,0,,
El Farallon,PublicSchool,Barranquitas,2.00,2,0,,
Federico Degetau,PublicSchool,Barranquitas,2.00,2,0,,
Pablo Colon Berdecia,PublicSchool,Barranquitas,2.00,2,0,,
Luis Muñoz Marin,PublicSchool,Barranquitas,2.00,2,0,,
Academia Santo Tomas De Aquino,PrivateSchool,Bayamón,2.00,2,0,,
Centro Preescolar Y Estudios Complementarios N.I.M,PrivateSchool,Bayamón,2.00,2,0,,
Virgilio Dávila,PublicSchool,Bayamón,2.00,2,0,,
Dr. Jose Antonio Davila,PublicSchool,Bayamón,2.00,2,0,,
Dr Jose Padin,PublicSchool,Bayamón,2.00,2,0,,
Faustino Santiago,PublicSchool,Bayamón,2.00,2,0,,
Herminia Rivera Fernandez,PublicSchool,Bayamón,2.00,2,0,,
Papa Juan Xxiii,PublicSchool,Bayamón,2.00,2,0,,
Ludovico Costoso,PublicSchool,Bayamón,2.00,1,1,,
Pablo Casals,PublicSchool,Bayamón,2.00,1,1,,
Julio Ressy,PublicSchool,Bayamón,2.00,1,1,,
Francisco Gaztambide Vega,PublicSchool,Bayamón,2.00,1,1,,
Cabo Rojo Christian Academy,PrivateSchool,Cabo Rojo,2.00,2,0,,
Colegio San Agustin,PrivateSchool,Cabo Rojo,2.00,2,0,,
Head Start Villa Blanca I,Headstart,Caguas,2.00,2,0,,
Academia Cristo De Los Milagros,PrivateSchool,Caguas,2.00,2,0,,
Caguas Learning Academy,PrivateSchool,Caguas,2.00,2,0,,
Colegio Bautista De Caguas,PrivateSchool,Caguas,2.00,2,0,,
Diego Vazquez,PublicSchool,Caguas,2.00,2,0,,
Myrna M Fuentes,PublicSchool,Caguas,2.00,2,0,,
Dr Juan Jose Osuna,PublicSchool,Caguas,2.00,1,1,,
Felipe Rivera Centeno,PublicSchool,Caguas,2.00,1,1,,
Antonio Dominguez Nieves,PublicSchool,Caguas,2.00,1,1,,
Ralph W Emerson,PublicSchool,Camuy,2.00,2,0,,
Luis Felipe Rodriguez Garcia,PublicSchool,Camuy,2.00,1,1,,
Luis F Crespo,PublicSchool,Camuy,2.00,1,1,,
Luis Hernaiz Veronne,PublicSchool,Canóvanas,2.00,2,0,,
Elemental Barrio Las 400,PublicSchool,Canóvanas,2.00,2,0,,
Voc William Rivera Betancourt,PublicSchool,Canóvanas,2.00,2,0,,
Juana Rodriguez Mundo,PublicSchool,Canóvanas,2.00,1,1,,
Carmiam Private School,PrivateSchool,Carolina,2.00,2,0,,
Carvin Elementary School,PrivateSchool,Carolina,2.00,2,0,,
Carvin School High,PrivateSchool,Carolina,2.00,2,0,,
Colegio María Auxiliadora,PrivateSchool,Carolina,2.00,2,0,,
Pedro Moczo Baniet,PublicSchool,Carolina,2.00,2,0,,
Angel P Millan Rohena,PublicSchool,Carolina,2.00,2,0,,
Rvdo Felix Castro Rodriguez,PublicSchool,Carolina,2.00,2,0,,
Roberto Clemente,PublicSchool,Carolina,2.00,2,0,,
Petra Roman Vigo,PublicSchool,Carolina,2.00,2,0,,
"Sebastian Bilingual School , Inc",Childcare,Carolina,2.00,2,0,,
Colegio Amarileen,PrivateSchool,Carolina,2.00,1,1,,
Jesus Maria Sanroma,PublicSchool,Carolina,2.00,1,1,,
Mujeres Embarazadas - Oficina Administrativa / Prog. Head Start,Headstart,Carolina,2.00,0,2,,
Francisco Oller,PublicSchool,Cataño,2.00,2,0,,
Colegio Nuestra Señora De La Merced,PrivateSchool,Cayey,2.00,2,0,,
Mi Pequeño Paraíso Infantil De Cayey,PrivateSchool,Cayey,2.00,2,0,,
Virginia Vazquez Mendoza,PublicSchool,Cayey,2.00,2,0,,
Regino Vega Matinez,PublicSchool,Cidra,2.00,2,0,,
Jose M Espada Zayas,PublicSchool,Coamo,2.00,2,0,,
Ines Maria Mendoza,PublicSchool,Comerío,2.00,0,2,,
Dr Jose Padin,PublicSchool,Corozal,2.00,2,0,,
Su Nicolas Rodriguez,PublicSchool,Corozal,2.00,1,1,,
TASIS,PrivateSchool,Dorado,2.00,2,0,,
Ricardo Arroyo Laracuente,PublicSchool,Dorado,2.00,2,0,,
LITTLE WORLD CHRISTIAN CASTLE,PrivateSchool,Fajardo,2.00,2,0,,
Colegio Sonifel,PrivateSchool,Fajardo,2.00,2,0,,
Escuela Evangelica Unida De Fajardo,PrivateSchool,Fajardo,2.00,2,0,,
Rosa Pascuala Paris,PublicSchool,Fajardo,2.00,2,0,,
Juanita Ramirez Gonzalez,PublicSchool,Florida,2.00,2,0,,
"Fountain Christian Bilingual School Guayama, Inc.",PrivateSchool,Guayama,2.00,2,0,,
Vicente Pales Anes,PublicSchool,Guayama,2.00,2,0,,
Dra Maria Socorro Lacot,PublicSchool,Guayama,2.00,2,0,,
Programa Head Start/ Early Head Start Municipio de Guayama,Headstart,Guayama,2.00,0,2,,
Dalila Torres,PublicSchool,Guayanilla,2.00,2,0,,
Gloria Maria Borrero Oliveras,PublicSchool,Guayanilla,2.00,2,0,,
COMMONWEALTH-PARKVILLE SCHOOL (PARKVILLE ELEMENTARY SCHOOL CAMPUS),PrivateSchool,Guaynabo,2.00,2,0,,
Santiago Iglesias Pantin,PublicSchool,Guaynabo,2.00,2,0,,
Margarita Janer Palacios,PublicSchool,Guaynabo,2.00,2,0,,
Wesleyan Academy,PrivateSchool,Guaynabo,2.00,1,1,,
AMAZING CHRISTIAN SCHOOL,PrivateSchool,Guaynabo,2.00,0,2,,
Jose Rodriguez Soto,PublicSchool,Guánica,2.00,1,1,,
Carmen Noelia Peraza Toledo,PublicSchool,Hatillo,2.00,2,0,,
Lorenzo Coballes Gandia,PublicSchool,Hatillo,2.00,2,0,,
Luis Melendez Rodriguez,PublicSchool,Hatillo,2.00,1,1,,
Su Rafael Zamot Cruz,PublicSchool,Hatillo,2.00,1,1,,
Su Alfredo Dorrington,PublicSchool,Hormigueros,2.00,2,0,,
The Palmas Academy,PrivateSchool,Humacao,2.00,2,0,,
Anita Otero Hernandez,PublicSchool,Humacao,2.00,1,1,,
Colegio Cristiano De Isabela Rev. Secundino Elba,PrivateSchool,Isabela,2.00,1,1,,
Pedro Bosch,PublicSchool,Juncos,2.00,2,0,,
Su Pedro Rivera Molina,PublicSchool,Juncos,2.00,2,0,,
Juana Sanchez,PublicSchool,Juncos,2.00,1,1,,
Elemental Urbana Nueva,PublicSchool,Lajas,2.00,2,0,,
Domingo Aponte Collazo,PublicSchool,Lares,2.00,2,0,,
George Washington,PublicSchool,Lares,2.00,2,0,,
Daniel Velez Soto,PublicSchool,Lares,2.00,0,2,,
Su Lauro Gonzalez Hijo,PublicSchool,Las Marías,2.00,2,0,,
Eugenio Maria De Hostos (Intermedia),PublicSchool,Las Marías,2.00,2,0,,
Colegio Mi Cuido Y Educación,PrivateSchool,Las Piedras,2.00,2,0,,
Jose De Diego,PublicSchool,Las Piedras,2.00,2,0,,
Academia Cristiana Cohelet,PrivateSchool,Las Piedras,2.00,1,1,,
Ramon Power Y Giralt,PublicSchool,Las Piedras,2.00,1,1,,
Head Start Loíza Pueblo,Headstart,Loiza,2.00,2,0,,
Su Sabana (Su Alejandrina Rios),PublicSchool,Luquillo,2.00,1,1,,
Head Start Pitahaya l,Headstart,Luquillo,2.00,0,2,,
Fernando Callejo,PublicSchool,Manatí,2.00,2,0,,
Colegio De La Inmaculada Concepción,PrivateSchool,Manatí,2.00,2,0,,
Colegio Episcopal San Andres,PrivateSchool,Mayagüez,2.00,2,0,,
Dr Pedro Perea Fajardo,PublicSchool,Mayagüez,2.00,2,0,,
Segundo Ruiz Belvis,PublicSchool,Mayagüez,2.00,2,0,,
Luis Muñoz Rivera,PublicSchool,Mayagüez,2.00,2,0,,
Colegio De Aprendizaje Y Desarrollo Educativo Integral,PrivateSchool,Moca,2.00,2,0,,
John Broadus School Inc.,PrivateSchool,Moca,2.00,2,0,,
Superior Catalina Morales Flores,PublicSchool,Moca,2.00,2,0,,
Su Jose R Barreras,PublicSchool,Morovis,2.00,2,0,,
Angel G. Quintero,PublicSchool,Morovis,2.00,2,0,,
Lutgarda Rivera Reyes,PublicSchool,Naguabo,2.00,2,0,,
Juan Jose Maunez,PublicSchool,Naguabo,2.00,2,0,,
Fermin Delgado Diaz,PublicSchool,Naguabo,2.00,2,0,,
Head Start Santiago y Lima,Headstart,Naguabo,2.00,1,1,,
Su Ana Joaquina Ortiz Ortiz,PublicSchool,Orocovis,2.00,1,1,,
Maria Davila Semidey,PublicSchool,Patillas,2.00,2,0,,
Josefa Velez Bauza (Superior Urbana),PublicSchool,Peñuelas,2.00,2,0,,
Liceo Ponceño,PrivateSchool,Ponce,2.00,2,0,,
Urban Strategies Early Head Start-PR,Headstart,Ponce,2.00,2,0,,
Capitanejo,PublicSchool,Ponce,2.00,2,0,,
Bethzaida Velazquez Superior,PublicSchool,Ponce,2.00,2,0,,
Eugenio Le Compte Benitez,PublicSchool,Ponce,2.00,2,0,,
Ccda Garabatos Inc.,Childcare,Ponce,2.00,2,0,,
Ramon Emeterio Betances,PublicSchool,Quebradillas,2.00,2,0,,
Juan Alejo Arizmendi,PublicSchool,Quebradillas,2.00,1,1,,
Rincon Christian Academy,PrivateSchool,Rincón,2.00,1,1,,
THE KINGDOM CHRISTIAN ACADEMY,PrivateSchool,Rio Grande,2.00,2,0,,
Rafael Rexach Dueño,PublicSchool,Rio Grande,2.00,2,0,,
Antera Rosado Fuentes,PublicSchool,Rio Grande,2.00,2,0,,
Las Mareas,PublicSchool,Salinas,2.00,2,0,,
Coqui (Intermedia),PublicSchool,Salinas,2.00,2,0,,
Eugenio Guerra Cruz,PublicSchool,Salinas,2.00,2,0,,
Superior Urbana,PublicSchool,Salinas,2.00,1,1,,
Felix Garay Ortiz,PublicSchool,Salinas,2.00,1,1,,
Julio V Guzman,PublicSchool,San Germán,2.00,2,0,,
Lola Rodriguez De Tio,PublicSchool,San Germán,2.00,2,0,,
Instituto Desarrollo Del Niño,Childcare,San Juan,2.00,2,0,,
Academia San Ignacio De Loyola,PrivateSchool,San Juan,2.00,2,0,,
Colegio Lourdes,PrivateSchool,San Juan,2.00,2,0,,
Colegio San Jose,PrivateSchool,San Juan,2.00,2,0,,
"Crearte, Inc.",PrivateSchool,San Juan,2.00,2,0,,
Escuela Municipal Bilingue The School Of San Juan,PrivateSchool,San Juan,2.00,2,0,,
Las Americas,PublicSchool,San Juan,2.00,2,0,,
Trina Padilla De Sanz,PublicSchool,San Juan,2.00,2,0,,
Republica De Colombia,PublicSchool,San Juan,2.00,2,0,,
Instituto Loaiza Cordero,PublicSchool,San Juan,2.00,2,0,,
Fray Bartolome De Las Casas,PublicSchool,San Juan,2.00,2,0,,
Luz Eneida Colon,PublicSchool,San Juan,2.00,2,0,,
Head Start Villa Esperanza,Headstart,San Juan,2.00,1,1,,
Instituto Modelo De Enseñanza Individualizada,PrivateSchool,San Juan,2.00,1,1,,
Gabriela Mistral,PublicSchool,San Juan,2.00,1,1,,
Villa Capri,PublicSchool,San Juan,2.00,1,1,,
Escuela Alianza Vimenti School,PrivateSchool,San Juan,2.00,0,2,,
Ccda Centro Desarrollo Preescolar Administracion Central Upr,Childcare,San Juan,2.00,0,2,,
Antonio Fernos Isern,PublicSchool,San Lorenzo,2.00,1,1,,
Tomas Maso Rivera Morales,PublicSchool,Toa Alta,2.00,2,0,,
Lurgrea Central College Inc.,PrivateSchool,Toa Baja,2.00,2,0,,
New Generation School,PrivateSchool,Trujillo Alto,2.00,1,1,,
Jose Pagan De Jesus,PublicSchool,Vega Alta,2.00,2,0,,
"Ccda Better Grades Tutoring Services, Inc",Childcare,Vega Alta,2.00,1,1,,
Angel Sandin Martinez,PublicSchool,Vega Baja,2.00,2,0,,
Colegio Nuestra Señora Del Rosario,PrivateSchool,Vega Baja,2.00,2,0,,
Rafael Hernandez,PublicSchool,Vega Baja,2.00,1,1,,
Ramon Lopez Berrios,PublicSchool,Villalba,2.00,2,0,,
Colegio Dr. Roque Díaz Tizol,PrivateSchool,Yabucoa,2.00,2,0,,
Su Andres Sandin,PublicSchool,Yabucoa,2.00,2,0,,
Su Asuncion Lugo,PublicSchool,Yabucoa,2.00,1,1,,
Su Jesus T Sanabria Cruz,PublicSchool,Yabucoa,2.00,1,1,,
Headstart Calabazas,Headstart,,1.00,1,0,,
El Faro Christian Academy,PrivateSchool,Adjuntas,1.00,1,0,,
Hector I Rivera,PublicSchool,Adjuntas,1.00,1,0,,
Rafael Aparicio Jimenez,PublicSchool,Adjuntas,1.00,1,0,,
Head Start Yahuecas,Headstart,Adjuntas,1.00,0,1,,
Colegio Aguadeño San Francisco De Asis,PrivateSchool,Aguada,1.00,1,0,,
Head Start Naranjo,Headstart,Aguada,1.00,1,0,,
Anselmo Villarrubia,PublicSchool,Aguada,1.00,1,0,,
Juan Lino Santiago,PublicSchool,Aguada,1.00,1,0,,
Academia Adventista Del Noroeste,PrivateSchool,Aguadilla,1.00,1,0,,
Borinquen Bilingual School,PrivateSchool,Aguadilla,1.00,1,0,,
Ce Preparatory Institute,PrivateSchool,Aguadilla,1.00,1,0,,
Colegio Mocano,PrivateSchool,Aguadilla,1.00,1,0,,
Educational Services Corpus Christi,PrivateSchool,Aguadilla,1.00,1,0,,
Homero Rivera Sola,PublicSchool,Aguadilla,1.00,1,0,,
Ana M. Javariz,PublicSchool,Aguadilla,1.00,1,0,,
Ccda Paraíso Infantil,Childcare,Aguadilla,1.00,1,0,,
Antonio Badillo Hernandez,PublicSchool,Aguadilla,1.00,0,1,,
Alfonso Lopez O'neill,PublicSchool,Aguas Buenas,1.00,1,0,,
"Ccda Plaza Kids, Corp.",Childcare,Aguas Buenas,1.00,0,1,,
Early Head Start Aguas Buenas I - II,Headstart,Aguas Buenas,1.00,0,1,,
Su Bayamoncito,PublicSchool,Aguas Buenas,1.00,0,1,,
Dr Pedro Albizu Campos,PublicSchool,Aguas Buenas,1.00,0,1,,
"Centro De Estudio Casita María, Inc.",PrivateSchool,Aibonito,1.00,1,0,,
Bonifacio Sanchez Jimenez,PublicSchool,Aibonito,1.00,1,0,,
Head Start Vigía,Headstart,Arecibo,1.00,1,0,,
Colegio San Juan Bosco,PrivateSchool,Arecibo,1.00,1,0,,
Dr Cayetano Coll Y Toste,PublicSchool,Arecibo,1.00,1,0,,
Su Manuel Ruiz Gandia,PublicSchool,Arecibo,1.00,1,0,,
Su Barrio Sabana Hoyos (Nueva),PublicSchool,Arecibo,1.00,1,0,,
Head Start Candelaria II,Headstart,Arecibo,1.00,0,1,,
Early Head Start Hato Arriba I,Headstart,Arecibo,1.00,0,1,,
Maria Cadilla De Martinez,PublicSchool,Arecibo,1.00,0,1,,
Jose Horacio Cora,PublicSchool,Arroyo,1.00,1,0,,
Adalberto Sanchez Morales,PublicSchool,Arroyo,1.00,1,0,,
Superior Urbana Nueva,PublicSchool,Arroyo,1.00,1,0,,
Ccda Habacuc,Childcare,Añasco,1.00,1,0,,
"Centro De Cuidado Diurno Habacuc, Inc",PrivateSchool,Añasco,1.00,1,0,,
Escuela Especializada Alcides Figueroa,PublicSchool,Añasco,1.00,1,0,,
Antonio Gonzalez Suarez,PublicSchool,Añasco,1.00,1,0,,
Luis Muñoz Marin,PublicSchool,Añasco,1.00,1,0,,
Espino,PublicSchool,Añasco,1.00,0,1,,
Head Start Magueyes,Headstart,Barceloneta,1.00,1,0,,
Academia Nuestra Señora De Fatima Inc.,PrivateSchool,Barceloneta,1.00,1,0,,
Nueva Intermedia,PublicSchool,Barceloneta,1.00,1,0,,
Ccda Escuela Bilingue Hostos,PrivateSchool,Barceloneta,1.00,1,0,,
ALLIANCE CHRISTIAN ACADEMY,PrivateSchool,Barranquitas,1.00,1,0,,
"Cem San Francisco De Asís, Inc.",PrivateSchool,Barranquitas,1.00,1,0,,
Petroamerica Pagan,PublicSchool,Barranquitas,1.00,1,0,,
Antonio Vazquez Ramos - La Loma,PublicSchool,Barranquitas,1.00,1,0,,
Jose Colon Gonzalez,PublicSchool,Barranquitas,1.00,0,1,,
Little in Action,PrivateSchool,Bayamón,1.00,1,0,,
"Ccda Proyecto Nacer, Inc.",Childcare,Bayamón,1.00,1,0,,
Academia Claret,PrivateSchool,Bayamón,1.00,1,0,,
Academia Santa Rosa De Lima,PrivateSchool,Bayamón,1.00,1,0,,
"ELITE EDUCATIONAL GROUP, CORP",PrivateSchool,Bayamón,1.00,1,0,,
GLOBAL MISSION ACADEMY,PrivateSchool,Bayamón,1.00,1,0,,
Colegio Nuestra Señora Del Rosario,PrivateSchool,Bayamón,1.00,1,0,,
Colegio Santisima Trinidad,PrivateSchool,Bayamón,1.00,1,0,,
"Harvard Academy, Inc.",PrivateSchool,Bayamón,1.00,1,0,,
National Talent Academy Centro De Extension-Bayamo,PrivateSchool,Bayamón,1.00,1,0,,
Visual And Performing Arts Christian School,PrivateSchool,Bayamón,1.00,1,0,,
Wise People School And Day Care,PrivateSchool,Bayamón,1.00,1,0,,
Juan Morell Campos,PublicSchool,Bayamón,1.00,1,0,,
Marta Velez De Fajardo,PublicSchool,Bayamón,1.00,1,0,,
Maria Vazquez De Umpierre,PublicSchool,Bayamón,1.00,1,0,,
Bernardo Huyke,PublicSchool,Bayamón,1.00,1,0,,
Rafael Colon Salgado,PublicSchool,Bayamón,1.00,1,0,,
Ines Maria Mendoza,PublicSchool,Bayamón,1.00,1,0,,
Jesus Sanchez Erazo,PublicSchool,Bayamón,1.00,1,0,,
Carmen Gomez Tejera,PublicSchool,Bayamón,1.00,1,0,,
María E Bas De Vázquez,PublicSchool,Bayamón,1.00,1,0,,
Mariano Feliu Balseiro,PublicSchool,Bayamón,1.00,1,0,,
Ccda First Step Center Corp.,Childcare,Bayamón,1.00,1,0,,
Ccda Gallery Kids,Childcare,Bayamón,1.00,1,0,,
Ccda Jardin De Infantes Flamingo Hills,Childcare,Bayamón,1.00,1,0,,
Rio Hondo Learning Academy,PrivateSchool,Bayamón,1.00,0,1,,
Athena Bilingual Academy,PrivateSchool,Bayamón,1.00,0,1,,
James Garfield,PublicSchool,Cabo Rojo,1.00,1,0,,
Ines Maria Mendoza,PublicSchool,Cabo Rojo,1.00,1,0,,
Monserrate Leon Irizarry,PublicSchool,Cabo Rojo,1.00,1,0,,
"Head Start Colaboración I , II y III",Headstart,Cabo Rojo,1.00,0,1,,
Pedro Nelson Colberg,PublicSchool,Cabo Rojo,1.00,0,1,,
Ccda Centro De Cuido Borinquen,Childcare,Caguas,1.00,1,0,,
Caguas Private School,PrivateSchool,Caguas,1.00,1,0,,
Colegio Kiany,PrivateSchool,Caguas,1.00,1,0,,
Head Start Bairoa Park I & II,Headstart,Caguas,1.00,1,0,,
Head Start Jardines de Condado,Headstart,Caguas,1.00,1,0,,
Head Start Las Carolinas,Headstart,Caguas,1.00,1,0,,
Head Start Villa Blanca II,Headstart,Caguas,1.00,1,0,,
Early Head Start Cañabón,Headstart,Caguas,1.00,1,0,,
Colegio San Juan Apostol Y Evangelista,PrivateSchool,Caguas,1.00,1,0,,
"Da Vinci Academy Of Science, Technology And Arts",PrivateSchool,Caguas,1.00,1,0,,
Liceo Eugenio Maria De Hostos,PrivateSchool,Caguas,1.00,1,0,,
Little Harvard Bilingual School,PrivateSchool,Caguas,1.00,1,0,,
Nuestra Escuela,PrivateSchool,Caguas,1.00,1,0,,
Francisco Valdes Rola,PublicSchool,Caguas,1.00,1,0,,
Haydee Caballero,PublicSchool,Caguas,1.00,1,0,,
Eloisa Pascual,PublicSchool,Caguas,1.00,1,0,,
Ines Maria Mendoza,PublicSchool,Caguas,1.00,1,0,,
Head Start Anexo,Headstart,Caguas,1.00,0,1,,
Head Start Fundación Para El Desarrollo Hogar Propio Inc,Headstart,Caguas,1.00,0,1,,
Head Start La Mesa,Headstart,Caguas,1.00,0,1,,
Head Start Oficinas Centrales,Headstart,Caguas,1.00,0,1,,
Colegio De Integración Educativa,PrivateSchool,Caguas,1.00,0,1,,
Luis Muñoz Rivera,PublicSchool,Caguas,1.00,0,1,,
Head Start Puente Zarza,Headstart,Camuy,1.00,1,0,,
Ccda Ayani Inc,Childcare,Camuy,1.00,1,0,,
Headt Start Membrillo I Salón 1 y 2,Headstart,Camuy,1.00,0,1,,
Colegio Evangélico Mi Pequeño Rebaño,PrivateSchool,Camuy,1.00,0,1,,
Ccda Mi Pequeño Rebano,Childcare,Camuy,1.00,0,1,,
Academia Bautista Sotera Sanchez,PrivateSchool,Canóvanas,1.00,1,0,,
Emanuel Centro Educativo,PrivateSchool,Canóvanas,1.00,1,0,,
Antonio R Barcelo,PublicSchool,Canóvanas,1.00,1,0,,
Jose Santos Quiñones,PublicSchool,Canóvanas,1.00,1,0,,
Centro de Cuido Diurno Los Indiecitos,Childcare,Canóvanas,1.00,0,1,,
Ccda Estrellitas,Childcare,Carolina,1.00,1,0,,
Head Start Canarios Pequeñines,Headstart,Carolina,1.00,1,0,,
Head Start Golondrina II,Headstart,Carolina,1.00,1,0,,
Head Start Calandria,Headstart,Carolina,1.00,1,0,,
Head Start San Pedrito,Headstart,Carolina,1.00,1,0,,
ARMOR BILINGUAL ACADEMY,PrivateSchool,Carolina,1.00,1,0,,
Alice's School,PrivateSchool,Carolina,1.00,1,0,,
Colegio Cervantes,PrivateSchool,Carolina,1.00,1,0,,
Sebastian Biligual School Inc.,PrivateSchool,Carolina,1.00,1,0,,
Pj Education Training School Carolina (A 75-60),PrivateSchool,Carolina,1.00,1,0,,
Eduardo J Saldaña,PublicSchool,Carolina,1.00,1,0,,
Jose Severo Quiñones,PublicSchool,Carolina,1.00,1,0,,
Prisco Fuentes,PublicSchool,Carolina,1.00,1,0,,
Dr Jose M Lazaro,PublicSchool,Carolina,1.00,1,0,,
Rene Marques,PublicSchool,Carolina,1.00,1,0,,
Agustin Cabrera,PublicSchool,Carolina,1.00,1,0,,
Carlos F Daniels (Voc. De Area),PublicSchool,Carolina,1.00,1,0,,
Escuela Jose E Aponte De La Torre,PrivateSchool,Carolina,1.00,0,1,,
Salvador Brau,PublicSchool,Carolina,1.00,0,1,,
Head Start Caritas Felices,Headstart,Cataño,1.00,0,1,,
ACADEMIA CRISTIANA DE CAYEY,PrivateSchool,Cayey,1.00,1,0,,
Head Start Brisas de Cayey,Headstart,Cayey,1.00,1,0,,
Academia La Milagrosa De Cayey,PrivateSchool,Cayey,1.00,1,0,,
Probaseball High School & Academy,PrivateSchool,Cayey,1.00,1,0,,
Su Gerardo Selles Sola,PublicSchool,Cayey,1.00,0,1,,
Croec-Centro Residencial De Oportunidades,PublicSchool,Ceiba,1.00,1,0,,
Irma Pedraza Ruiz,PublicSchool,Ceiba,1.00,1,0,,
Hato Viejo Cumbre,PublicSchool,Ciales,1.00,1,0,,
Juan A Corretjer,PublicSchool,Ciales,1.00,1,0,,
Colegio Nuestra Señora Del Rosario,PrivateSchool,Ciales,1.00,1,0,,
Colegio Mundo De Los Niños,PrivateSchool,Cidra,1.00,1,0,,
Su Certenejas Ii,PublicSchool,Cidra,1.00,1,0,,
Ana J Candelas,PublicSchool,Cidra,1.00,1,0,,
Violeta Reyes Perez,PublicSchool,Cidra,1.00,1,0,,
Professional Career Training,PrivateSchool,Cidra,1.00,0,1,,
Su Eugenio Nazario Soto,PublicSchool,Coamo,1.00,1,0,,
Herminio W Santaella,PublicSchool,Coamo,1.00,0,1,,
Su Maria C Santiago,PublicSchool,Comerío,1.00,1,0,,
Superior Vocacional Nueva,PublicSchool,Comerío,1.00,1,0,,
Juana Colon,PublicSchool,Comerío,1.00,0,1,,
"LCS Private School, Inc",Childcare,Corozal,1.00,1,0,,
Pablo David Burgos Marrero,PublicSchool,Corozal,1.00,1,0,,
Headstart Villa Santa,Headstart,Dorado,1.00,1,0,,
Jacinto Lopez Martinez,PublicSchool,Dorado,1.00,1,0,,
Luisa M Valderrama (San Antonio),PublicSchool,Dorado,1.00,1,0,,
Ccda Sonifel,Childcare,Fajardo,1.00,1,0,,
Gabino Soto,PublicSchool,Fajardo,1.00,1,0,,
Josefina Ferrero,PublicSchool,Fajardo,1.00,1,0,,
Centro Early Head Start Luis Pales Matos,Headstart,Guayama,1.00,1,0,,
Aristides Cales Quiros,PublicSchool,Guayanilla,1.00,1,0,,
Academia Cristiana Logos,PrivateSchool,Guaynabo,1.00,1,0,,
Betty Rosado De Vega,PublicSchool,Guaynabo,1.00,1,0,,
Ramon Marin Sola,PublicSchool,Guaynabo,1.00,1,0,,
Mariano Abril Elemental,PublicSchool,Guaynabo,1.00,1,0,,
Santa Rosa III,PublicSchool,Guaynabo,1.00,1,0,,
Juan E Miranda,PublicSchool,Guaynabo,1.00,1,0,,
Luis Muñoz Rivera Ii,PublicSchool,Guaynabo,1.00,1,0,,
Juan Ponce De Leon,PublicSchool,Guaynabo,1.00,1,0,,
Nueva Elemental Urbana De Guaynabo,PublicSchool,Guaynabo,1.00,1,0,,
"American Academy, Inc.",PrivateSchool,Gurabo,1.00,1,0,,
Matias Gonzalez Garcia,PublicSchool,Gurabo,1.00,1,0,,
Villa Marina,PublicSchool,Gurabo,1.00,1,0,,
STEP BY STEP LEARNING SCHOOL,PrivateSchool,Gurabo,1.00,0,1,,
Head Start Celada I y II,Headstart,Gurabo,1.00,0,1,,
Su Vidal Serrano,PublicSchool,Gurabo,1.00,0,1,,
Elsa E Couto Annoni,PublicSchool,Guánica,1.00,1,0,,
Agripina Seda,PublicSchool,Guánica,1.00,0,1,,
Luis Muñoz Rivera,PublicSchool,Hatillo,1.00,1,0,,
Eugenio Maria De Hostos,PublicSchool,Hatillo,1.00,1,0,,
Abraham Lincoln Bilingual School,PrivateSchool,Hatillo,1.00,1,0,,
Mil Mascaras Academy,PrivateSchool,Hormigueros,1.00,1,0,,
Next Generation Academy,PrivateSchool,Humacao,1.00,1,0,,
PARADISE KIDS ACADEMY,PrivateSchool,Humacao,1.00,1,0,,
Candido Berrios,PublicSchool,Humacao,1.00,1,0,,
Lidia Fiol Scarano,PublicSchool,Humacao,1.00,1,0,,
Escuela Libre De Musica,PublicSchool,Humacao,1.00,1,0,,
Ccda Manos Y Manitas Inc,Childcare,Humacao,1.00,0,1,,
Head Start Isabela Edif. 2,Headstart,Isabela,1.00,1,0,,
Castillo Bilingual School,PrivateSchool,Isabela,1.00,1,0,,
Little Rainbow Learning Center,PrivateSchool,Isabela,1.00,1,0,,
"Los Pinos Bilingual School, Inc.",PrivateSchool,Isabela,1.00,1,0,,
Antonio Geigel Paredes,PublicSchool,Isabela,1.00,1,0,,
Nueva Ceferina Cordero,PublicSchool,Isabela,1.00,1,0,,
Adrian Torres Torres,PublicSchool,Jayuya,1.00,0,1,,
Felipe Colon Diaz,PublicSchool,Juana Díaz,1.00,1,0,,
Dr Maximo Donoso Sanchez,PublicSchool,Juana Díaz,1.00,1,0,,
Pedro Colon Santiago,PublicSchool,Juana Díaz,1.00,1,0,,
Luis Llorens Torres,PublicSchool,Juana Díaz,1.00,0,1,,
Juan Serapio Mangual,PublicSchool,Juana Díaz,1.00,0,1,,
Su Clara M Aramburu,PublicSchool,Juncos,1.00,1,0,,
Isabel Flores,PublicSchool,Juncos,1.00,1,0,,
Jose Collazo Colon,PublicSchool,Juncos,1.00,1,0,,
Roberto Silva Morales,PublicSchool,Juncos,1.00,1,0,,
Head Start La Plata,Headstart,Lajas,1.00,1,0,,
Head Start Bosquecito Magico,Headstart,Lajas,1.00,0,1,,
Julio Lebron Soto,PublicSchool,Lares,1.00,1,0,,
Su Angelita Delgado,PublicSchool,Lares,1.00,1,0,,
Hector Hernandez Arana,PublicSchool,Lares,1.00,1,0,,
Profesor Rafael Alicea Vazquez,PublicSchool,Lares,1.00,0,1,,
Eva Y Patria Custodio,PublicSchool,Las Marías,1.00,1,0,,
East Point Academy,PrivateSchool,Las Piedras,1.00,1,0,,
Carmen Benitez,PublicSchool,Las Piedras,1.00,1,0,,
Leoncio Melendez,PublicSchool,Las Piedras,1.00,1,0,,
Mediania Alta Elemental,PublicSchool,Loiza,1.00,1,0,,
Intermedia Nueva Mediania Baja,PublicSchool,Loiza,1.00,1,0,,
Superior Voc Eladio Rivera Quiñones,PublicSchool,Loiza,1.00,1,0,,
Colegio Villas De Loiza,PrivateSchool,Loiza,1.00,0,1,,
Kelly School,PrivateSchool,Luquillo,1.00,1,0,,
Head Start Cantera,Headstart,Manatí,1.00,1,0,,
Academia Discípulos De Cristo Manatí,PrivateSchool,Manatí,1.00,1,0,,
Felix Cordova Davila,PublicSchool,Manatí,1.00,0,1,,
Academia Adventista Del Oeste,PrivateSchool,Mayagüez,1.00,1,0,,
Colegio De La Milagrosa,PrivateSchool,Mayagüez,1.00,1,0,,
Mayagüez Academy & Learn Language Center Corp.,PrivateSchool,Mayagüez,1.00,1,0,,
Jose Gautier Benitez,PublicSchool,Mayagüez,1.00,1,0,,
Olga Mas Ramirez,PublicSchool,Mayagüez,1.00,1,0,,
Croem,PublicSchool,Mayagüez,1.00,1,0,,
Maria Luisa Arcelay,PublicSchool,Mayagüez,1.00,1,0,,
Elvira Ruperto Quiles,PublicSchool,Mayagüez,1.00,1,0,,
Cuchillas,PublicSchool,Moca,1.00,1,0,,
Dr Efrain Sanchez Hidalgo,PublicSchool,Moca,1.00,1,0,,
Head Start Moca,Headstart,Moca,1.00,0,1,,
Adolfo Babilonia,PublicSchool,Moca,1.00,0,1,,
Juan De Dios Quiñones,PublicSchool,Moca,1.00,0,1,,
Juana G Aviles (Franquez),PublicSchool,Morovis,1.00,1,0,,
Jorge L Marrero Padilla,PublicSchool,Morovis,1.00,1,0,,
Oscar Rodriguez Rivera (Barahona),PublicSchool,Morovis,1.00,1,0,,
Ramon Torres Rivera,PublicSchool,Morovis,1.00,0,1,,
Head Start Rio Blanco,Headstart,Naguabo,1.00,1,0,,
"Centro Educativo Pasitos Del Saber, Inc.",PrivateSchool,Naguabo,1.00,1,0,,
Quebrada Grande,PublicSchool,Naguabo,1.00,1,0,,
Eugenio Brac,PublicSchool,Naguabo,1.00,1,0,,
Su Silverio Garcia,PublicSchool,Naguabo,1.00,1,0,,
Academia Santa Teresita De Naranjito Inc,PrivateSchool,Naranjito,1.00,1,0,,
Francisco Morales,PublicSchool,Naranjito,1.00,1,0,,
Su Adolfo Garcia,PublicSchool,Naranjito,1.00,1,0,,
Su Pedro Fernandez,PublicSchool,Naranjito,1.00,1,0,,
Silvestre Martinez,PublicSchool,Naranjito,1.00,1,0,,
Ruben Rodriguez Figueroa,PublicSchool,Naranjito,1.00,1,0,,
Headstart Barros,Headstart,Orocovis,1.00,1,0,,
Su Matrullas,PublicSchool,Orocovis,1.00,1,0,,
Su Sanamuertos,PublicSchool,Orocovis,1.00,1,0,,
Nelida Melendez Melendez,PublicSchool,Orocovis,1.00,1,0,,
Visitacion Pagan,PublicSchool,Orocovis,1.00,0,1,,
Su Botijas I,PublicSchool,Orocovis,1.00,0,1,,
Head Start Lirios del Sur I,Headstart,Ponce,1.00,1,0,,
Centro San Francisco Inc,PrivateSchool,Ponce,1.00,1,0,,
Colegio Episcopal Santisima Trinidad,PrivateSchool,Ponce,1.00,1,0,,
Colegio La Milagrosa,PrivateSchool,Ponce,1.00,1,0,,
Los Faroles Bilingual School Y Jardin Infantil,PrivateSchool,Ponce,1.00,1,0,,
Eduardo Neumann Gandia,PublicSchool,Ponce,1.00,1,0,,
Juan Cuevas Aboy,PublicSchool,Ponce,1.00,1,0,,
Juan Serralles (Superior),PublicSchool,Ponce,1.00,1,0,,
Abraham Lincoln,PublicSchool,Ponce,1.00,1,0,,
Lucy Grillasca,PublicSchool,Ponce,1.00,1,0,,
Ponce High School,PublicSchool,Ponce,1.00,1,0,,
Dr Pila,PublicSchool,Ponce,1.00,1,0,,
Dr Alfredo M Aguayo,PublicSchool,Ponce,1.00,1,0,,
Sor Isolina Ferre,PublicSchool,Ponce,1.00,1,0,,
Superior Jardines De Ponce,PublicSchool,Ponce,1.00,1,0,,
Juan Morel Campos (Musica),PublicSchool,Ponce,1.00,1,0,,
Bellas Artes De Ponce,PublicSchool,Ponce,1.00,1,0,,
Maria E Archeval Salamo De Valdes,PublicSchool,Ponce,1.00,0,1,,
Academia Serrant,PrivateSchool,Ponce,1.00,0,1,,
Colegio Creciendo Juntos,PrivateSchool,Ponce,1.00,0,1,,
Llanos Del Sur,PublicSchool,Ponce,1.00,0,1,,
Juan Serralles (Intermedia),PublicSchool,Ponce,1.00,0,1,,
Lila Maria Mercedes Mayoral,PublicSchool,Ponce,1.00,0,1,,
Su Honorio Hernandez,PublicSchool,Quebradillas,1.00,1,0,,
"Centro De Educación Integral Soles Del Jardín,Inc.",PrivateSchool,Quebradillas,1.00,0,1,,
Head Start Estelas,Headstart,Rincón,1.00,1,0,,
Colegio Bautista Rosa De Sarón,PrivateSchool,Rio Grande,1.00,1,0,,
Liberata Iraldo (Nueva),PublicSchool,Rio Grande,1.00,1,0,,
Edmundo Del Valle Cruz,PublicSchool,Rio Grande,1.00,1,0,,
Pre-Vocacional Casiano Cepeda,PublicSchool,Rio Grande,1.00,1,0,,
Carmen Feliciano Carrera,PublicSchool,Rio Grande,1.00,1,0,,
Hea Start / Early Head Start La Dolores ll,Headstart,Rio Grande,1.00,0,1,,
Centro Educativo Elohimm,PrivateSchool,Sabana Grande,1.00,1,0,,
Academia San Agustín Y Espíritu Santo,PrivateSchool,Sabana Grande,1.00,1,0,,
Ccda Aurea E. Negron,Childcare,Sabana Grande,1.00,0,1,,
SALINAS CHRISTIAN ACADEMY,PrivateSchool,Salinas,1.00,1,0,,
Colegio Nuestra Señora Del Perpetuo Socorro,PrivateSchool,Salinas,1.00,1,0,,
Academia Deportiva Del Albergue Olimpico,PrivateSchool,Salinas,1.00,1,0,,
Stella Marquez,PublicSchool,Salinas,1.00,1,0,,
Su Sabana Llana,PublicSchool,Salinas,1.00,1,0,,
Daskalos,PrivateSchool,San Juan,1.00,1,0,,
Ccda Centro Desarrollo Preescolar Upr,Childcare,San Juan,1.00,1,0,,
Head Start Villa Palmeras,Headstart,San Juan,1.00,1,0,,
Escuela Secundaria UPR,PrivateSchool,San Juan,1.00,1,0,,
FRUTO DE LA VID CHRISTIAN ACADEMY,PrivateSchool,San Juan,1.00,1,0,,
Escuela Elemental UPR,PrivateSchool,San Juan,1.00,1,0,,
Head Start y Early Head Start El Castillo Infantil,Headstart,San Juan,1.00,1,0,,
Head Start Antigua Vía,Headstart,San Juan,1.00,1,0,,
Head Start Cupey Alto,Headstart,San Juan,1.00,1,0,,
Head Start Jardínes del Paraíso,Headstart,San Juan,1.00,1,0,,
Centros Sor Isolina Ferré-Caimito,PrivateSchool,San Juan,1.00,1,0,,
Academia Maria Reina,PrivateSchool,San Juan,1.00,1,0,,
Casa Montessori Del Niño,PrivateSchool,San Juan,1.00,1,0,,
Christian Day School,PrivateSchool,San Juan,1.00,1,0,,
Colegio Creativo De Puerto Rico,PrivateSchool,San Juan,1.00,1,0,,
"Colegio Mi Reino Infantil/Reino Elemental, Inc.",PrivateSchool,San Juan,1.00,1,0,,
Colegio Nuestra Señora De La Providencia,PrivateSchool,San Juan,1.00,1,0,,
Colegio Nuestra Señora Del Carmen (Trujillo Alto),PrivateSchool,San Juan,1.00,1,0,,
Julio Selles Sola,PublicSchool,San Juan,1.00,1,0,,
Central Artes Visuales,PublicSchool,San Juan,1.00,1,0,,
Antonio B Caimary,PublicSchool,San Juan,1.00,1,0,,
Dr Francisco Hernandez Y Gaetan,PublicSchool,San Juan,1.00,1,0,,
Juan Ramon Jimenez,PublicSchool,San Juan,1.00,1,0,,
Gaspar Vila Mayans,PublicSchool,San Juan,1.00,1,0,,
Ines Maria Mendoza,PublicSchool,San Juan,1.00,1,0,,
Su Dr Arturo Morales Carrion,PublicSchool,San Juan,1.00,1,0,,
Ramon Vila Mayo,PublicSchool,San Juan,1.00,1,0,,
Luis Llorens Torres,PublicSchool,San Juan,1.00,1,0,,
Manuel Boada,PublicSchool,San Juan,1.00,1,0,,
Ramon Power Y Giralt,PublicSchool,San Juan,1.00,1,0,,
Ernesto Ramos Antonini (Musica),PublicSchool,San Juan,1.00,1,0,,
San Martin (Angeles Pastor),PublicSchool,San Juan,1.00,1,0,,
Sotero Figueroa,PublicSchool,San Juan,1.00,1,0,,
Ccda Preescolar Son Soles,Childcare,San Juan,1.00,1,0,,
Ccda Robinson School Inc./Robinson Toddler Program,Childcare,San Juan,1.00,1,0,,
Escuela Alianza Vimenti School,PublicSchool,San Juan,1.00,0,1,,
Instituto Tec Recinto De San Juan,PublicSchool,San Juan,1.00,0,1,,
Commonwealth-Parkville School,PrivateSchool,San Juan,1.00,0,1,,
Dynamic Learning Centers,PrivateSchool,San Juan,1.00,0,1,,
Nueva Escuela Montessori,PrivateSchool,San Juan,1.00,0,1,,
Felipe Gutierrez,PublicSchool,San Juan,1.00,0,1,,
Manuel A Perez,PublicSchool,San Juan,1.00,0,1,,
Federico Asenjo (Pre-Tecnica),PublicSchool,San Juan,1.00,0,1,,
El Señorial,PublicSchool,San Juan,1.00,0,1,,
"Ccda Nueva Escuela Montessori De Rio Piedras, Inc",Childcare,San Juan,1.00,0,1,,
Ccda Rainforest Kids Child Development Center,Childcare,San Juan,1.00,0,1,,
Centro Head Start Espino Parcelas,Headstart,San Lorenzo,1.00,1,0,,
Luis Muñoz Rivera,PublicSchool,San Lorenzo,1.00,1,0,,
Jose Campeche,PublicSchool,San Lorenzo,1.00,1,0,,
Su Jagual Adentro,PublicSchool,San Lorenzo,1.00,0,1,,
Academia Adventista Central Ramon Rivera Perez,PrivateSchool,San Sebastián,1.00,1,0,,
Emilio Scharon Rodriguez,PublicSchool,San Sebastián,1.00,1,0,,
Aurora Mendez Charneco,PublicSchool,San Sebastián,1.00,1,0,,
Ana Valldejuly (Jauca),PublicSchool,Santa Isabel,1.00,1,0,,
Manuel Martin Monserrate,PublicSchool,Santa Isabel,1.00,1,0,,
Pedro Melendez Santiago,PublicSchool,Santa Isabel,1.00,1,0,,
Elvira M Colon,PublicSchool,Santa Isabel,1.00,1,0,,
Headstart Toa Alta Pueblo,Headstart,Toa Alta,1.00,1,0,,
Headstart Alturas de Bucarabones,Headstart,Toa Alta,1.00,1,0,,
Nicolas Sevilla,PublicSchool,Toa Alta,1.00,1,0,,
Alejandro Jr Cruz,PublicSchool,Toa Alta,1.00,1,0,,
Abelardo Diaz Alfaro,PublicSchool,Toa Alta,1.00,1,0,,
"Academia Adventista De Mucarabones, Teresa Cancel",PrivateSchool,Toa Alta,1.00,1,0,,
Colegio Doriber,PrivateSchool,Toa Alta,1.00,1,0,,
"My First Bilingual School, Inc.",PrivateSchool,Toa Alta,1.00,1,0,,
Academia De Ciencias Y Tecnologia Alianza,PublicSchool,Toa Baja,1.00,1,0,,
Luis M Santiago,PublicSchool,Toa Baja,1.00,1,0,,
Altinencia Valle,PublicSchool,Toa Baja,1.00,1,0,,
Jose Nevarez Lopez,PublicSchool,Toa Baja,1.00,1,0,,
Academia Espíritu Santo,PrivateSchool,Toa Baja,1.00,1,0,,
Adolfina Irizarry De Puig,PublicSchool,Toa Baja,1.00,0,1,,
Jose Robles Otero,PublicSchool,Toa Baja,1.00,0,1,,
Head Start La Gloria,Headstart,Trujillo Alto,1.00,1,0,,
Colegio Y Noviciado Santa Maria Del Camino,PrivateSchool,Trujillo Alto,1.00,1,0,,
Covenant Private School,PrivateSchool,Trujillo Alto,1.00,1,0,,
Jireh Christhian Academy & Day Care,PrivateSchool,Trujillo Alto,1.00,1,0,,
Nafian College Inc,PrivateSchool,Trujillo Alto,1.00,1,0,,
El Conquistador,PublicSchool,Trujillo Alto,1.00,1,0,,
Herminia Diaz Aponte,PublicSchool,Trujillo Alto,1.00,1,0,,
Nueva Elem Bo Quebrada Negrito,PublicSchool,Trujillo Alto,1.00,1,0,,
Head Start y Early Head Start Las Colinas,Headstart,Trujillo Alto,1.00,0,1,,
Colegio Utuadeño San Jose,PrivateSchool,Utuado,1.00,1,0,,
Francisco Ramos Sanchez,PublicSchool,Utuado,1.00,1,0,,
Luis Muñoz Rivera,PublicSchool,Utuado,1.00,1,0,,
Elemental Urbana,PublicSchool,Vega Alta,1.00,1,0,,
Antonio Paoli,PublicSchool,Vega Alta,1.00,1,0,,
Rafael Hernandez,PublicSchool,Vega Alta,1.00,1,0,,
Ignacio Miranda,PublicSchool,Vega Alta,1.00,1,0,,
Elisa Davila Vazquez,PublicSchool,Vega Alta,1.00,1,0,,
Nw Bilingual Academy,PrivateSchool,Vega Alta,1.00,1,0,,
Ccda Nw Bilingual Academy Llc,Childcare,Vega Alta,1.00,1,0,,
Academia Discipulos De Cristo,PrivateSchool,Vega Alta,1.00,0,1,,
Ccda Step By Step,Childcare,Vega Baja,1.00,1,0,,
Headstart Luis Muñoz Marín II,Headstart,Vega Baja,1.00,1,0,,
Nueva Brigida Alvarez Rodriguez,PublicSchool,Vega Baja,1.00,1,0,,
Su Almirante Norte,PublicSchool,Vega Baja,1.00,1,0,,
"Colegio Cristiano Maranatha, Inc.",PrivateSchool,Vega Baja,1.00,1,0,,
Colegio Ivosai,PrivateSchool,Vega Baja,1.00,1,0,,
Madelcar Academy,PrivateSchool,Vega Baja,1.00,1,0,,
Ccda Madelcar Academy (Feijo's Inc.),Childcare,Vega Baja,1.00,1,0,,
"Ccda Mi Pequeño Edén, Inc. / Academia Edén Montessori",Childcare,Vega Baja,1.00,1,0,,
Headstart Melesneo Nater II,Headstart,Vega Baja,1.00,0,1,,
Juan Quirindongo Morell,PublicSchool,Vega Baja,1.00,0,1,,
Ccda Agarraditos De La Mano,Childcare,Vega Baja,1.00,0,1,,
Colegio Nuestra Señora Del Carmen,PrivateSchool,Villalba,1.00,1,0,,
Francisco Zayas Santana,PublicSchool,Villalba,1.00,0,1,,
Rosa Costa Valdivieso,PublicSchool,Yabucoa,1.00,1,0,,
Ramon Quiñones Medina,PublicSchool,Yabucoa,1.00,1,0,,
Teodoro Aguilar Mora,PublicSchool,Yabucoa,1.00,0,1,,
Arturo Lluberas,PublicSchool,Yauco,1.00,1,0,,
Santiago Negroni,PublicSchool,Yauco,1.00,1,0,,
Loaiza Cordero Del Rosario,PublicSchool,Yauco,1.00,1,0,,
Josh School,PublicSchool,,0.00,0,0,,
Head Start Caguana,Headstart,,0.00,0,0,,
Early Head Start Destellos de Colores,Headstart,,0.00,0,0,,
Universidad de Puerto Rico Recinto de Aguadilla (UPR),PrivateSchool,,0.00,0,0,,
Mil Mascara Academy,PrivateSchool,,0.00,0,0,,
Alondra Learning Academy,PrivateSchool,,0.00,0,0,,
Academia Vilella: Constructores Del Futuro,PrivateSchool,,0.00,0,0,,
CAMINO DE RESTAURACION CHRISTIAN ACADEMY,PrivateSchool,,0.00,0,0,,
Amor y Pintura inc.,Childcare,,0.00,0,0,,
,,,,,,,
